Title	Series	Maker	Release Date	Actress	Age	U-18 Check
PEAC-005	PEAC		2013-04-23	Aika Ozaki	15y7m	
PEAC-008	PEAC		2013-05-23	Aika Ozaki	15y8m	
PEAC-009	PEAC		2013-07-23	Aika Ozaki	15y10m	
PEAC-014	PEAC		2013-08-23	Aika Ozaki	15y11m	
PDOL-014	PDOL		2013-10-23	Aika Ozaki	16y1m	
PIXY-024	PIXY		2013-12-23	Aika Ozaki	16y3m	
SBVD-0219	SBVD		2014-02-28	Aika Ozaki	16y5m	
MMR-389	MMR		2014-05-30	Aika Ozaki	16y8m	
MMR-405	MMR		2014-07-25	Aika Ozaki	16y10m	
ENRG-006	ENRG		2014-09-25	Aika Ozaki	16y12m	
JSSJ-131	JSSJ		2015-01-23	Aika Ozaki	17y4m	
TASKS-026	TASKS		2015-03-20	Aika Ozaki	17y5m	
IMOM-149	IMOM		2010-09-25	Akari Iinuma	12y9m	
FEIR-021	FEIR		2010-12-16	Akari Iinuma	12y12m	
IMOM-170	IMOM		2011-02-25	Akari Iinuma	13y2m	
ICDV-31306	ICDV		2011-07-01	Akari Iinuma	13y7m	
SSE-004	SSE		2011-11-18	Akari Iinuma	13y11m	
FEIR-0058	FEIR		2012-02-16	Akari Iinuma	14y2m	
FRSM-0001	FRSM		2012-04-27	Akari Iinuma	14y4m	
GUILD-021	GUILD		2012-11-22	Akari Iinuma	14y11m	
HTC-008	HTC		2013-07-19	Akari Iinuma	15y7m	
HTC-009	HTC		2013-08-14	Akari Iinuma	15y8m	
SCDV-19008	SCDV		2006-10-13	Ako Fujiwara	17y1m	
MWKD-5008	MWKD		2007-03-27	Ako Fujiwara	17y6m	
MOR-006	MOR		2007-04-26	Ako Fujiwara	17y7m	
PEACH-018D	PEACH		2007-07-28	Ako Fujiwara	17y10m	
EIGHT-076D	EIGHT		2007-08-18	Ako Fujiwara	17y11m	Very Likely
DMSM-7270	DMSM		2007-08-28	Ako Fujiwara	17y11m	Very Likely
JSSJ-078	JSSJ		2013-07-19	Ako Kimijima	15y2m	
PIST-038	PIST		2013-09-22	Ako Kimijima	15y4m	
LINE-030	LINE		2013-11-23	Ako Kimijima	15y6m	
JSSJ-108	JSSJ		2014-06-20	Ako Kimijima	16y1m	
SWPI-002	SWPI		2013-02-23	Akua Otsuki	15y1m	
SWPI-003	SWPI		2013-04-23	Akua Otsuki	15y3m	
MMR-264	MMR		2013-06-28	Akua Otsuki	15y5m	
SNNY-004	SNNY		2013-08-23	Akua Otsuki	15y7m	
BUQH-043	BUQH		2014-02-25	Akua Otsuki	16y1m	
EICCP-068	EICCP		2014-02-25	Akua Otsuki	16y1m	
SBVD-0225	SBVD		2014-04-25	Akua Otsuki	16y3m	
ROUG-001	ROUG		2014-06-25	Akua Otsuki	16y5m	
BSJDV-002	BSJDV		2014-06-26	Akua Otsuki	16y5m	
JKSS-007	JKSS		2014-08-23	Akua Otsuki	16y7m	
ROUG-002	ROUG		2015-02-20	Akua Otsuki	17y1m	
ROUG-003	ROUG		2015-06-24	Akua Otsuki	17y5m	
JMDV-232	JMDV		2015-08-21	Akua Otsuki	17y7m	
DOLC-004	DOLC		2012-07-20	Ami Ihara	17y9m	
MMR-197	MMR		2012-09-28	Ami Ihara	17y11m	Very Likely
OMEGA-068	OMEGA		2012-11-23	Ami Suenaga	17y8m	
MMR-231	MMR		2013-01-25	Ami Suenaga	17y10m	
LINE-028	LINE		2013-04-23	Ami Suenaga	18y1m	Possibly
ENFD-5602	ENFD		2014-11-21	Ami Yokoyama	17y11m	Very Likely
JSSJ-038	JSSJ		2012-03-16	Amina Watanabe	17y4m	
LINE-020	LINE		2012-05-23	Amina Watanabe	17y6m	
MMR-190	MMR		2012-07-27	Amina Watanabe	17y8m	
DOLC-005	DOLC		2012-09-21	Amina Watanabe	17y10m	
PIST-034	PIST		2012-11-23	Amina Watanabe	17y12m	Likely
SOPD-3820	SOPD		2006-09-22	Anna Oonishi	11y12m	
CLR-4044	CLR		2006-10-20	Anna Oonishi	12y1m	
WALZ-001	WALZ		2007-01-24	Anna Oonishi	12y4m	
BKDV-00229	BKDV		2007-01-25	Anna Oonishi	12y4m	
Noah-030	Noah		2007-03-23	Anna Oonishi	12y6m	
GARO-016	GARO		2007-03-31	Anna Oonishi	12y6m	
WAT-003	WAT		2007-09-01	Anna Oonishi	12y11m	
GGGG-003	GGGG		2007-09-07	Anna Oonishi	12y11m	
GGGG-004	GGGG		2007-10-07	Anna Oonishi	12y12m	
WAT-008	WAT		2007-12-01	Anna Oonishi	13y2m	
SHGAD-007	SHGAD		2007-12-18	Anna Oonishi	13y3m	
WAT-012	WAT		2008-06-01	Anna Oonishi	13y8m	
WAT-018	WAT		2008-06-15	Anna Oonishi	13y9m	
MMDX-001	MMDX		2008-06-27	Anna Oonishi	13y9m	
GPPP-007	GPPP		2008-08-29	Anna Oonishi	13y11m	
SHGAR-003	SHGAR		2008-09-29	Anna Oonishi	13y12m	
SHGAR-004	SHGAR		2008-10-29	Anna Oonishi	14y1m	
WAT-015	WAT		2008-12-10	Anna Oonishi	14y2m	
HMP-001	HMP		2010-06-06	Anna Oonishi	15y8m	
HMP-002	HMP		2010-08-08	Anna Oonishi	15y10m	
HMP-003	HMP		2010-11-23	Anna Oonishi	16y2m	
HMP-005	HMP		2010-12-25	Anna Oonishi	16y3m	
HMP-006	HMP		2011-02-26	Anna Oonishi	16y5m	
HMP-007	HMP		2011-04-10	Anna Oonishi	16y6m	
MSDV-001	MSDV		2011-04-26	Anna Oonishi	16y7m	
HMP-008	HMP		2011-05-20	Anna Oonishi	16y8m	
MSDV-003	MSDV		2011-05-26	Anna Oonishi	16y8m	
HMP-009	HMP		2011-06-10	Anna Oonishi	16y8m	
MSDV-004	MSDV		2011-06-26	Anna Oonishi	16y9m	
MSDV-005	MSDV		2011-07-26	Anna Oonishi	16y10m	
HMP-010	HMP		2011-08-10	Anna Oonishi	16y10m	
MSDV-006	MSDV		2011-08-26	Anna Oonishi	16y11m	
MSDV-007	MSDV		2011-09-26	Anna Oonishi	16y12m	
MSDV-009	MSDV		2011-11-26	Anna Oonishi	17y2m	
ARC-008	ARC		2006-11-01	Aoi Fujinaga	13y6m	
OHP-2002	OHP		2006-11-17	Aoi Fujinaga	13y7m	
ILD-008	ILD		2006-11-24	Aoi Fujinaga	13y7m	
PEACH-014D	PEACH		2006-12-24	Aoi Fujinaga	13y8m	
BKDV-00234	BKDV		2007-02-23	Aoi Fujinaga	13y10m	
WALZ-006	WALZ		2007-04-24	Aoi Fujinaga	13y12m	
TBX-013	TBX		2007-06-27	Aoi Fujinaga	14y2m	
EIGHT-078D	EIGHT		2007-08-18	Aoi Fujinaga	14y4m	
LINE-033	LINE		2014-01-23	Arisa Natsu	16y10m	
PIST-046	PIST		2014-03-23	Arisa Natsu	16y12m	
SHI-010	SHI		2014-05-31	Arisa Natsu	17y2m	
SNYY-005	SNYY		2014-07-30	Arisa Natsu	17y4m	
TASKS-024	TASKS		2014-12-20	Arisa Natsu	17y9m	
MMR-310	MMR		2013-11-01	Asaka Higashi	12y8m	
MMR-383	MMR		2014-05-30	Asaka Higashi	13y3m	
MMR-386	MMR		2014-05-30	Asaka Higashi	13y3m	
SBKD-0100	SBKD		2014-07-29	Asaka Higashi	13y5m	
MMR-AD003	MMR		2015-05-29	Asaka Higashi	14y3m	
SVBD-AD003	SVBD		2015-05-29	Asaka Higashi	14y3m	
TSBS-81021	TSBS		2015-06-19	Asaka Higashi	14y4m	
MMR-AR002	MMR		2015-06-26	Asaka Higashi	14y4m	
SEDV-602	SEDV		2006-10-01	Asami Kubota	16y6m	
DW-004	DW		2007-08-01	Asami Kubota	17y4m	
KIDM-032	KIDM		2007-10-05	Asami Kubota	17y6m	
KIDM-041	KIDM		2008-01-25	Asami Kubota	17y10m	
KIDM-063	KIDM		2008-05-30	Asami Kubota	18y2m	Unlikely
KIDM-077	KIDM		2008-08-08	Asami Kubota	18y4m	No
KIDM-094	KIDM		2008-10-31	Asami Kubota	18y7m	No
KIDM-105	KIDM		2008-12-12	Asami Kubota	18y8m	No
KIDM-121	KIDM		2009-03-27	Asami Kubota	18y12m	No
KIDM-128	KIDM		2009-05-15	Asami Kubota	19y1m	No
KIDM-144	KIDM		2009-08-28	Asami Kubota	19y5m	No
KIDM-152	KIDM		2009-10-16	Asami Kubota	19y6m	No
CLR-4034	CLR		2006-05-19	Ashida Misuzu	12y4m	
MMD-0008	MMD		2006-10-15	Ashida Misuzu	12y9m	
BKDV-00223	BKDV		2006-12-22	Ashida Misuzu	12y11m	
SOPD-3824	SOPD		2007-01-19	Ashida Misuzu	12y12m	
Noah-031	Noah		2007-04-20	Ashida Misuzu	13y3m	
WAT-001	WAT		2007-05-15	Ashida Misuzu	13y4m	
WALZ-008	WALZ		2007-06-25	Ashida Misuzu	13y5m	
WAT-002	WAT		2007-07-15	Ashida Misuzu	13y6m	
GGGG-002	GGGG		2007-08-07	Ashida Misuzu	13y7m	
WAT-004	WAT		2007-09-01	Ashida Misuzu	13y8m	
WAT-003	WAT		2007-09-01	Ashida Misuzu	13y8m	
GGGG-004	GGGG		2007-10-07	Ashida Misuzu	13y9m	
WAT-007	WAT		2007-12-01	Ashida Misuzu	13y11m	
MSR-08	MSR		2008-03-21	Ashida Misuzu	14y2m	
SHGAR-002	SHGAR		2008-04-28	Ashida Misuzu	14y3m	
WAT-011	WAT		2008-05-10	Ashida Misuzu	14y4m	
MMDX-002	MMDX		2008-06-27	Ashida Misuzu	14y5m	
WAT-015	WAT		2008-12-10	Ashida Misuzu	14y11m	
MSDV-015	MSDV		2012-05-26	Ashida Misuzu	18y4m	No
AILE-029	AILE		2013-10-13	Aya Kuhou	16y9m	
JKDD-003	JKDD		2013-12-23	Aya Kuhou	16y11m	
LGMD-01	LGMD		2014-02-20	Aya Kuhou	17y1m	
SNYY-002	SNYY		2014-04-28	Aya Kuhou	17y3m	
JKDD-007	JKDD		2014-06-30	Aya Kuhou	17y5m	
WAJK-006	WAJK		2014-08-23	Aya Kuhou	17y7m	
SHI-015	SHI		2014-10-28	Aya Kuhou	17y9m	
FEIR-0069	FEIR		2012-06-16	Ayaka Sakuga	13y12m	
PIXY-002	PIXY		2012-08-23	Ayaka Sakuga	14y2m	
MIU-009	MIU		2012-10-19	Ayaka Sakuga	14y4m	
SBKD-0064	SBKD		2012-12-25	Ayaka Sakuga	14y6m	
MMR-243	MMR		2013-02-22	Ayaka Sakuga	14y8m	
BSTAR-021	BSTAR		2013-04-26	Ayaka Sakuga	14y10m	
BSTAR-024	BSTAR		2013-06-28	Ayaka Sakuga	14y12m	
TSDV-41556	TSDV		2013-08-30	Ayaka Sakuga	15y2m	
MIST-016	MIST		2013-11-22	Ayaka Sakuga	15y5m	
MMR-351	MMR		2014-01-31	Ayaka Sakuga	15y7m	
SBKD-0095	SBKD		2014-03-28	Ayaka Sakuga	15y9m	
TASKS-027	TASKS		2015-04-20	Ayaka Sakuga	16y10m	
HPF-003	HPF		2015-07-17	Ayaka Sakuga	17y1m	
ZEUSFB-007	ZEUSFB		2016-11-16	Ayaka Sakuga	18y5m	No
JMRD-0005	JMRD		2012-06-29	Ayaka Watanabe		
MMR-299	MMR		2013-09-27	Ayame Goto	17y4m	
MMR-316	MMR		2013-11-22	Ayame Goto	17y6m	
JSSJ-047	JSSJ		2012-09-21	Azusa Manaka	16y7m	
JSSJ-053	JSSJ		2012-11-23	Azusa Manaka	16y9m	
OMGZ-069	OMGZ		2013-01-26	Azusa Manaka	16y11m	
PIST-035	PIST		2013-03-23	Azusa Manaka	17y1m	
MMR-242	MMR		2013-02-22	Ema Nakajima	17y2m	
PIST-036	PIST		2013-04-23	Ema Nakajima	17y4m	
MMR-265	MMR		2013-06-28	Ema Nakajima	17y6m	
SNNE-002	SNNE		2013-08-23	Ema Nakajima	17y8m	
JSSJ-086	JSSJ		2013-10-18	Ema Nakajima	17y10m	
MMR-331	MMR		2013-12-13	Ema Nakajima	17y11m	Very Likely
PIXY-005	PIXY		2012-10-30	Eri Sasaki	17y5m	
PDOL-004	PDOL		2012-12-23	Eri Sasaki	17y6m	
PIXY-012	PIXY		2013-02-23	Eri Sasaki	17y8m	
DSTAR-022	DSTAR		2013-04-26	Eri Sasaki	17y10m	
TSDV-41546	TSDV		2013-07-26	Eri Sasaki	18y1m	Possibly
ARC-010	ARC		2006-12-19	Erika Fujimiya	17y5m	
TBX-008	TBX		2007-04-25	Erika Fujimiya	17y9m	
WALZ-009	WALZ		2007-06-25	Erika Fujimiya	17y11m	Very Likely
SCDV-24007	SCDV		2007-07-27	Erika Fujimiya	17y12m	Likely
KBOOT-13	KBOOT		2007-09-28	Erika Fujimiya	18y2m	Unlikely
PAND-010	PAND		2007-12-18	Erika Fujimiya	18y5m	No
MOR-1004	MOR		2007-12-20	Erika Fujimiya	18y5m	No
GOKU-032D	GOKU		2008-01-26	Erika Fujimiya	18y6m	No
PEAI-007	PEAI		2013-08-23	Fukase Nana	13y5m	
PEAI-010	PEAI		2013-10-13	Fukase Nana	13y6m	
PEAI-014	PEAI		2013-12-13	Fukase Nana	13y8m	
SBKD-0093	SBKD		2014-02-27	Fukase Nana	13y11m	
OUTN-0001	OUTN		2014-03-16	Fukase Nana	13y11m	
OUTN-0002	OUTN		2014-04-16	Fukase Nana	13y12m	
ICDV-30186	ICDV		2014-04-18	Fukase Nana	14y1m	
OUTN-0003	OUTN		2014-05-16	Fukase Nana	14y1m	
JMKD-0022	JMKD		2014-06-27	Fukase Nana	14y3m	
OUTN-0005	OUTN		2014-07-16	Fukase Nana	14y3m	
OUTN-0006	OUTN		2014-08-16	Fukase Nana	14y5m	
ICDV-30204	ICDV		2014-08-22	Fukase Nana	14y5m	
OUTN-0007	OUTN		2014-09-16	Fukase Nana	14y6m	
OUTN-0008	OUTN		2014-10-16	Fukase Nana	14y7m	
ICDV-30214	ICDV		2014-12-19	Fukase Nana	14y9m	
JMKD-0031	JMKD		2015-02-27	Fukase Nana	14y11m	
TUBR-001	TUBR		2014-01-17	Futami Madoka	17y8m	
CTLD-001	CTLD		2014-02-23	Futami Madoka	17y9m	
JSSJ-044	JSSJ		2012-07-20	Hikari Maeda	15y12m	
JSSJ-048	JSSJ		2012-09-21	Hikari Maeda	16y2m	
MMR-220	MMR		2012-12-14	Hikari Maeda	16y5m	
LINE-026	LINE		2013-02-23	Hikari Maeda	16y7m	
MMR-262	MMR		2013-05-31	Hikari Maeda	16y10m	
FEIR-0085	FEIR		2013-10-25	Hikari Maeda	17y3m	
IMOM-148	IMOM		2010-09-28	Hikaru Takahashi	14y12m	
FEIR-0022	FEIR		2010-12-16	Hikaru Takahashi	15y3m	
ICDV-31302	ICDV		2011-04-28	Hikaru Takahashi	15y7m	
BSTAR-001	BSTAR		2011-10-28	Hikaru Takahashi	16y1m	
DSTAR-001	DSTAR		2011-10-28	Hikaru Takahashi	16y1m	
SOPAB-001	SOPAB		2012-02-24	Hikaru Takahashi	16y5m	
SOPA-001	SOPA		2012-02-24	Hikaru Takahashi	16y5m	
BSTAR-006	BSTAR		2012-05-25	Hikaru Takahashi	16y8m	
DSTAR-006	DSTAR		2012-05-25	Hikaru Takahashi	16y8m	
FRSM-0007	FRSM		2012-07-30	Hikaru Takahashi	16y10m	
BSTAR-013	BSTAR		2012-10-26	Hikaru Takahashi	17y1m	
DSTAR-013	DSTAR		2012-10-26	Hikaru Takahashi	17y1m	
GUILD-023	GUILD		2012-12-20	Hikaru Takahashi	17y3m	
DSTAR-019	DSTAR		2013-03-29	Hikaru Takahashi	17y6m	
PIXY-01	PIXY		2013-05-23	Hikaru Takahashi	17y8m	
LCDV-40612	LCDV		2013-11-20	Hikaru Takahashi	18y2m	Unlikely
SWPI-001	SWPI		2013-01-23	Hinata Aoba	15y1m	
JSSJ-063	JSSJ		2013-03-22	Hinata Aoba	15y3m	
GJJJ-001	GJJJ		2013-04-05	Hinata Aoba	15y3m	
MMR-257	MMR		2013-05-31	Hinata Aoba	15y5m	
SNNE-001	SNNE		2013-07-23	Hinata Aoba	15y7m	
SNNY-005	SNNY		2013-09-23	Hinata Aoba	15y9m	
MMR-315	MMR		2013-11-22	Hinata Aoba	15y11m	
JSSJ-095	JSSJ		2014-01-14	Hinata Aoba	16y1m	
JKSS-005	JKSS		2014-06-23	Hinata Aoba	16y6m	
SNNY-006	SNNY		2014-08-28	Hinata Aoba	16y8m	
TOMATO-004	TOMATO		2015-05-10	Hinata Aoba	17y5m	
AILE-001	AILE		2012-02-23	Honoka Kawai	15y2m	
CUM-008	CUM		2012-04-18	Honoka Kawai	15y4m	
AILE-005	AILE		2012-06-23	Honoka Kawai	15y6m	
SWPT-004	SWPT		2012-09-15	Honoka Kawai	15y9m	
AILE-014	AILE		2013-01-13	Honoka Kawai	16y1m	
AILE-022	AILE		2013-04-13	Honoka Kawai	16y4m	
AILE-025	AILE		2013-07-23	Honoka Kawai	16y7m	
AILE-501	AILE		2013-08-13	Honoka Kawai	16y8m	
JKDD-001	JKDD		2013-09-30	Honoka Kawai	16y9m	
JKDD-002	JKDD		2013-11-30	Honoka Kawai	16y11m	
JKDD-004	JKDD		2014-01-31	Honoka Kawai	17y1m	
JKDD-005	JKDD		2014-03-31	Honoka Kawai	17y3m	
JKDD-006	JKDD		2014-05-31	Honoka Kawai	17y5m	
SHI-011	SHI		2014-06-28	Honoka Kawai	17y6m	
CTLD-006	CTLD		2014-08-23	Honoka Kawai	17y8m	
AILEB-002	AILEB		2014-11-13	Honoka Kawai	17y11m	Very Likely
JSSJ-072	JSSJ		2013-06-21	Irie Koharu	16y12m	
PDOL-013	PDOL		2013-09-23	Irie Koharu	17y3m	
VEIS-001	VEIS		2007-08-10	Isa Aoki	14y10m	
GARO-021	GARO		2007-08-26	Isa Aoki	14y10m	
GGGG-004	GGGG		2007-10-07	Isa Aoki	14y12m	
LOLITA			2007-11-25	Isa Aoki	15y1m	
SGHAD-005	SGHAD		2007-11-27	Isa Aoki	15y1m	
OHP-2010	OHP		2008-01-18	Isa Aoki	15y3m	
VDOB-0005	VDOB		2008-03-25	Isa Aoki	15y5m	
GKSK-020	GKSK		2008-04-04	Isa Aoki	15y6m	
OHP-3008	OHP		2008-04-18	Isa Aoki	15y6m	
Meister 12			2008-06-27	Isa Aoki	15y9m	
COJD-015	COJD		2008-07-29	Isa Aoki	15y10m	
DAND-003	DAND		2008-08-04	Isa Aoki	15y10m	
LINE-001	LINE		2008-09-14	Isa Aoki	15y11m	
OHP-049	OHP		2008-11-21	Isa Aoki	16y1m	
OHP-3013	OHP		2009-01-16	Isa Aoki	16y3m	
GKSKW-041	GKSKW		2009-02-05	Isa Aoki	16y4m	
RM-003	RM		2009-03-01	Isa Aoki	16y5m	
UPGD-001S	UPGD		2009-03-20	Isa Aoki	16y5m	
RM-005	RM		2009-05-22	Isa Aoki	16y7m	
RM-006	RM		2009-06-26	Isa Aoki	16y8m	
JSSJ-001	JSSJ		2009-07-24	Isa Aoki	16y9m	
JSSJ-007	JSSJ		2009-09-25	Isa Aoki	16y11m	
JSSJ-008	JSSJ		2009-10-23	Isa Aoki	16y12m	
SOPD-6014	SOPD		2010-01-22	Isa Aoki	17y3m	
MILK			2006-11-11	Kahi Suzukawa	14y1m	
MILK-04	MILK		2006-12-01	Kahi Suzukawa	14y2m	
MILK-05	MILK		2006-12-26	Kahi Suzukawa	14y3m	
OHP-2006	OHP		2007-04-20	Kahi Suzukawa	14y6m	
SCDV-24005	SCDV		2007-06-29	Kahi Suzukawa	14y9m	
OHP-3003	OHP		2007-07-20	Kahi Suzukawa	14y9m	
TASKJ-025	TASKJ		2007-10-20	Kahi Suzukawa	14y12m	
JSSJ-029	JSSJ		2011-09-16	Kana Takasugi	16y7m	
JSSJ-031	JSSJ		2011-11-18	Kana Takasugi	16y9m	
TRSF-031	TRSF		2012-01-21	Kana Takasugi	16y12m	
JSSJ-039	JSSJ		2012-04-20	Kana Takasugi	17y3m	
SBVD-0145	SBVD		2012-06-29	Kana Takasugi	17y5m	
MMR-198	MMR		2012-09-28	Kana Takasugi	17y8m	
JSSJT-001	JSSJT		2012-10-19	Kana Takasugi	17y8m	
JSSJ-052	JSSJ		2012-11-23	Kana Takasugi	17y10m	
MMR-235	MMR		2013-01-25	Kana Takasugi	17y12m	Likely
JSSJ-067	JSSJ		2013-04-19	Kana Takasugi	18y2m	Unlikely
RM-002	RM		2009-01-23	Kanno Momo	16y10m	
LINE-008	LINE		2009-03-14	Kanno Momo	16y11m	
KU-025	KU		2009-06-26	Kanno Momo	17y3m	
JSSJ-003	JSSJ		2009-07-24	Kanno Momo	17y4m	
JSSJ-017	JSSJ		2010-06-18	Karen Arai	17y8m	
MMR-AA024	MMR		2015-08-28	Karen Hayama	17y10m	
MMR-AA028	MMR		2015-10-30	Karen Hayama	17y12m	Likely
JSSJ-154	JSSJ		2015-12-18	Karen Hayama	18y1m	Possibly
TRID-225	TRID		2012-09-22	Karen Kobayashi	15y5m	
DSTAR-015	DSTAR		2013-01-25	Karen Kobayashi	15y9m	
DSTAR-020	DSTAR		2013-04-26	Karen Kobayashi	15y12m	
BSTAR-020	BSTAR		2013-04-26	Karen Kobayashi	15y12m	
DSTAR-025	DSTAR		2013-07-26	Karen Kobayashi	16y3m	
BSTAR-025	BSTAR		2013-07-26	Karen Kobayashi	16y3m	
SSE-9001	SSE		2013-10-25	Karen Kobayashi	16y6m	
ENFD-5527	ENFD		2014-01-24	Karen Kobayashi	16y9m	
TSDV-41640	TSDV		2014-05-23	Karen Kobayashi	16y12m	
XAM-100	XAM		2014-08-27	Karen Kobayashi	17y4m	
DSTAR-027	DSTAR		2014-11-28	Karen Kobayashi	17y7m	
LCDV-40680	LCDV		2015-02-20	Karen Kobayashi	17y9m	
ARH-002	ARH		2012-06-10	Karen Tsukishima	15y5m	
ARH-006	ARH		2012-07-10	Karen Tsukishima	15y6m	
BLR-001	BLR		2012-07-20	Karen Tsukishima	15y6m	
ARS-001	ARS		2012-08-10	Karen Tsukishima	15y7m	
HNS-001	HNS		2012-11-10	Karen Tsukishima	15y10m	
GTRB-001	GTRB		2012-12-28	Karen Tsukishima	15y12m	
ARHB-002	ARHB		2013-03-20	Karen Tsukishima	16y2m	
GTRB-006	GTRB		2013-12-20	Karen Tsukishima	16y11m	
JTDV-020	JTDV		2007-01-26	Kasahara Marina	17y7m	
OHP-022	OHP		2007-06-22	Kasahara Marina	17y11m	Very Likely
DAND-003	DAND		2008-08-04	Kasahara Marina	19y1m	No
JSSJ-034	JSSJ		2012-01-27	Katou Marin	13y9m	
JSSJ-037	JSSJ		2012-03-16	Katou Marin	13y10m	
PRTN-02	PRTN		2012-05-31	Katou Marin	14y1m	
GUILD-011	GUILD		2012-07-23	Katou Marin	14y2m	
GUILD-017	GUILD		2012-09-20	Katou Marin	14y4m	
JSSJT-001	JSSJT		2012-10-19	Katou Marin	14y5m	
MMR-223	MMR		2012-12-14	Katou Marin	14y7m	
JSSJ-060	JSSJ		2013-02-22	Katou Marin	14y9m	
JSSJ-066	JSSJ		2013-04-19	Katou Marin	14y11m	
OHP-2017	OHP		2008-06-20	Kira Nanami	14y7m	
KU-009	KU		2008-07-25	Kira Nanami	14y8m	
OHP-3010	OHP		2008-08-15	Kira Nanami	14y8m	
MMR-AA023	MMR		2015-08-28	Kobayashi Kasumi	15y2m	
JSSJ-149	JSSJ		2015-10-16	Kobayashi Kasumi	15y4m	
MMR-AA035	MMR		2015-12-18	Kobayashi Kasumi	15y6m	
MMR-AA042	MMR		2016-02-26	Kobayashi Kasumi	15y8m	
JSSJ-164	JSSJ		2016-04-22	Kobayashi Kasumi	15y10m	
MMR-AA052	MMR		2016-06-24	Kobayashi Kasumi	15y12m	
MMR-AA059	MMR		2016-08-26	Kobayashi Kasumi	16y2m	
SVBD-AA005	SVBD		2016-10-28	Kobayashi Kasumi	16y4m	
CMP-047	CMP		2013-06-07	Kobayashi Sae	16y6m	
PIST-043	PIST		2014-01-23	Kohina Kato	16y9m	
PIST-045	PIST		2014-03-23	Kohina Kato	16y11m	
PIST-047	PIST		2014-05-23	Kohina Kato	17y1m	
GCOLB-001	GCOLB		2014-11-23	Kohina Kato	17y7m	
LTN-0001	LTN		2007-01-24	Mai Fujiko	16y8m	
LTN-0003	LTN		2007-05-23	Mai Fujiko	16y12m	
BBOB-0001	BBOB		2007-07-25	Mai Fujiko	17y2m	
PEACH-018D	PEACH		2007-07-28	Mai Fujiko	17y2m	
EIGHT-090D	EIGHT		2007-11-18	Mai Fujiko	17y5m	
BBOB-003	BBOB		2007-11-25	Mai Fujiko	17y6m	
BOM-001	BOM		2006-??-??	Mai Fujiko		
WAD-005	WAD		2006-03-24	Mai Takahashi	09y4m	
SSKW-046	SSKW		2006-06-25	Mai Takahashi	09y7m	
IMOM-001	IMOM		2008-01-25	Mai Takahashi	11y2m	
IMOM-002	IMOM		2008-02-25	Mai Takahashi	11y3m	
KNGK-001	KNGK		2008-03-25	Mai Takahashi	11y4m	
IMOM-010	IMOM		2008-05-25	Mai Takahashi	11y6m	
IMOM-012	IMOM		2008-06-25	Mai Takahashi	11y7m	
IMOG-052	IMOG		2008-09-25	Mai Takahashi	11y10m	
IMOG-054	IMOG		2008-10-25	Mai Takahashi	11y11m	
IMOM-037	IMOM		2008-12-25	Mai Takahashi	12y1m	
IMOG-060	IMOG		2009-01-25	Mai Takahashi	12y2m	
IMOM-053	IMOM		2009-03-25	Mai Takahashi	12y4m	
IMOM-067	IMOM		2009-05-25	Mai Takahashi	12y6m	
IMOM-075	IMOM		2009-07-25	Mai Takahashi	12y8m	
IMOG-134	IMOG		2010-02-10	Mai Takahashi	13y3m	
IMOY-004	IMOY		2010-08-25	Mai Takahashi	13y9m	
IMOF-044	IMOF		2010-09-25	Mai Takahashi	13y10m	
IMOM-150	IMOM		2010-10-10	Mai Takahashi	13y11m	
IMOM-159	IMOM		2010-11-10	Mai Takahashi	13y12m	
IMOF-058	IMOF		2011-01-15	Mai Takahashi	14y2m	
SSE-003	SSE		2011-10-21	Mai Takahashi	14y11m	
AJST-0001	AJST		2012-01-30	Mai Takahashi	15y3m	
TRID-216	TRID		2012-05-22	Mai Takahashi	15y6m	
DSTAR-009	DSTAR		2012-08-03	Mai Takahashi	15y9m	
PIXY-003	PIXY		2012-09-23	Mai Takahashi	15y10m	
DSTAR-014	DSTAR		2012-11-30	Mai Takahashi	16y1m	
SBKD-0068	SBKD		2013-01-30	Mai Takahashi	16y3m	
GUILD-031	GUILD		2013-03-21	Mai Takahashi	16y4m	
FEIR-0081	FEIR		2013-05-24	Mai Takahashi	16y6m	
OHDO-002	OHDO		2013-07-23	Mai Takahashi	16y8m	
ARC-006	ARC		2006-09-01	Mami Fujie	17y5m	
KBOOT-07	KBOOT		2006-11-22	Mami Fujie	17y8m	
ILD-010	ILD		2006-12-22	Mami Fujie	17y9m	
PEACH-014D	PEACH		2006-12-24	Mami Fujie	17y9m	
SCDV-24003	SCDV		2007-01-12	Mami Fujie	17y10m	
LOVEDOL-001	LOVEDOL		2007-02-21	Mami Fujie	17y11m	Very Likely
PEACH-015D	PEACH		2007-02-24	Mami Fujie	17y11m	Very Likely
EIGHT-062D	EIGHT		2007-03-18	Mami Fujie	17y12m	Likely
EIGHY-068D	EIGHY		2007-05-26	Mami Fujie	18y2m	Unlikely
MMR-AA008	MMR		2015-02-27	Marin Ogawa	16y1m	
JSSJ-138	JSSJ		2015-04-17	Marin Ogawa	16y3m	
JSSJ-141	JSSJ		2015-06-19	Marin Ogawa	16y5m	
EICKB-001	EICKB		2010-11-25	Masako Saito	16y9m	
TSDV-41342	TSDV		2011-04-22	Masako Saito	17y2m	
LCDV-40479	LCDV		2011-07-20	Masako Saito	17y5m	
TRID-192	TRID		2011-10-19	Masako Saito	17y8m	
EICKB-007	EICKB		2012-01-25	Masako Saito	17y11m	Very Likely
DSTAR-005	DSTAR		2012-04-27	Masako Saito	18y2m	Unlikely
CBOOT-07	CBOOT		2007-06-20	Megu Fujiura	17y12m	Likely
EIGHT-071D	EIGHT		2007-06-25	Megu Fujiura	17y12m	Likely
TBX-016	TBX		2007-07-25	Megu Fujiura	18y1m	Possibly
PEACH-018D	PEACH		2007-07-28	Megu Fujiura	18y1m	Possibly
TSDV-45009	TSDV		2011-05-20	Mikumo Kinoshita	16y7m	
MMR-147	MMR		2011-08-26	Mikumo Kinoshita	16y11m	
FEIR-0050	FEIR		2011-11-16	Mikumo Kinoshita	17y1m	
MMR-189	MMR		2012-07-27	Mikumo Kinoshita	17y10m	
OHP-2020	OHP		2009-07-17	Mime Shizuka	14y8m	
OHP-3015	OHP		2009-08-21	Mime Shizuka	14y9m	
KU-032	KU		2009-10-30	Mime Shizuka	14y12m	
SOPD-9058	SOPD		2010-01-22	Mime Shizuka	15y3m	
KU-045	KU		2010-03-26	Mime Shizuka	15y5m	
KU-063	KU		2010-10-29	Mime Shizuka	15y12m	
KU-069	KU		2011-01-28	Mime Shizuka	16y3m	
DDD-001	DDD		2011-12-02	Minami Watase		
SBVD-0116	SBVD		2011-06-24	Mio Katsuragi	17y3m	
TSDV-41388	TSDV		2011-11-21	Mio Katsuragi	17y8m	
DOLC-001	DOLC		2012-04-20	Mio Katsuragi	18y1m	Possibly
SCDV-24002	SCDV		2006-12-01	Miyu Fujimura	19y1m	No
PEACH-014D	PEACH		2006-12-24	Miyu Fujimura	19y1m	No
MWKD-5008	MWKD		2007-03-27	Miyu Fujimura	19y4m	No
OHP-3002	OHP		2007-06-22	Miyu Fujimura	19y7m	No
PEACH-015D	PEACH		2007-07-28	Miyu Fujimura	19y8m	No
PEACH-018D	PEACH		2007-07-28	Miyu Fujimura	19y8m	No
CPSKY-178	CPSKY		2010-09-17	Miyu Suenaga	14y9m	
CPSKY-191	CPSKY		2010-12-10	Miyu Suenaga	14y12m	
CPSKY-209	CPSKY		2011-03-04	Miyu Suenaga	15y3m	
CPSKY-208	CPSKY		2011-03-04	Miyu Suenaga	15y3m	
CHAMA-07	CHAMA		2011-06-10	Miyu Suenaga	15y6m	
SMAC-012	SMAC		2011-09-02	Miyu Suenaga	15y8m	
PLG-004	PLG		2011-12-16	Miyu Suenaga	15y12m	
SMAC-017	SMAC		2012-02-04	Miyu Suenaga	16y2m	
AOSBD-004	AOSBD		2012-05-19	Miyu Suenaga	16y5m	
SMAC-024	SMAC		2012-05-19	Miyu Suenaga	16y5m	
AOSBD-020	AOSBD		2012-08-15	Miyu Suenaga	16y8m	
TBOG-009	TBOG		2012-08-18	Miyu Suenaga	16y8m	
AOSBD-022	AOSBD		2012-08-27	Miyu Suenaga	16y8m	
SMAC-045	SMAC		2012-10-06	Miyu Suenaga	16y10m	
AOSBD-017	AOSBD		2012-10-06	Miyu Suenaga	16y10m	
SMAC-055	SMAC		2013-05-11	Miyu Suenaga	17y5m	
ZEUS-007	ZEUS		2013-08-10	Miyu Suenaga	17y8m	
VPBF-13801	VPBF		2013-11-27	Miyu Suenaga	17y11m	Very Likely
ORGL-001	ORGL		2014-02-23	Miyu Suenaga	18y2m	Unlikely
E-007	E		2015-06-23	Miyuki Wakana		
DW-003	DW		2007-09-28	Miyuu Hoshino	07y7m	No
ZZZZ-004	ZZZZ		2008-09-25	Miyuu Hoshino	08y7m	No
ZZZZ-005	ZZZZ		2008-09-25	Miyuu Hoshino	08y7m	No
ZZZZ-006	ZZZZ		2008-10-24	Miyuu Hoshino	08y8m	No
GOD-002	GOD		2008-11-21	Miyuu Hoshino	08y9m	No
GOD-008	GOD		2009-01-23	Miyuu Hoshino	08y11m	No
GOD-034	GOD		2009-10-23	Miyuu Hoshino	09y8m	No
GOD-038	GOD		2010-01-15	Miyuu Hoshino	09y11m	No
GOD-059	GOD		2010-07-16	Miyuu Hoshino	10y5m	No
GOD-067	GOD		2010-09-17	Miyuu Hoshino	10y7m	No
GOD-075	GOD		2010-11-19	Miyuu Hoshino	10y9m	No
GOD-084	GOD		2011-01-21	Miyuu Hoshino	10y11m	No
GOD-092	GOD		2011-03-18	Miyuu Hoshino	11y1m	No
GOD-099	GOD		2011-06-03	Miyuu Hoshino	11y4m	No
KIDM-388	KIDM		2013-09-20	Miyuu Hoshino	13y7m	No
KIDM-416	KIDM		2013-11-29	Miyuu Hoshino	13y9m	No
KIDM-483	KIDM		2014-09-12	Miyuu Hoshino	14y7m	No
MWKD-5007	MWKD		2007-02-27	Namy Fujitani	17y9m	
MOR-008	MOR	Monroe	2007-04-26	Namy Fujitani	17y11m	Very Likely
JKS-002	JKS	Amumo	2007-05-25	Namy Fujitani	17y12m	Likely
AHG-0010	AHG	Art House Gon	2007-07-24	Namy Fujitani	18y2m	Unlikely
MMR-AZ006	MMR		2015-01-30	Natsu Inaba	15y8m	
SBKD-0117	SBKD		2015-03-27	Natsu Inaba	15y10m	
MMR-AL008	MMR		2015-06-26	Natsu Inaba	16y1m	
PCHI-002	PCHI		2015-08-28	Natsu Inaba	16y3m	
ENCO-046	ENCO		2015-11-20	Natsu Inaba	16y6m	
SBKD-0137	SBKD		2016-02-27	Natsu Inaba	16y9m	
MMR-AL018	MMR		2016-05-27	Natsu Inaba	16y12m	
DW-001	DW		2007-09-28	Natsuki	07y7m	No
DW-002	DW		2007-09-28	Natsuki	07y7m	No
DW-013	DW		2008-05-23	Natsuki	08y3m	No
ZZZZ-001	ZZZZ		2008-08-06	Natsuki	08y6m	No
ZZZZ-002	ZZZZ		2008-08-06	Natsuki	08y6m	No
ZZZZ-006	ZZZZ		2008-10-24	Natsuki	08y8m	No
KIDM-098	KIDM		2008-11-14	Natsuki	08y9m	No
KIDM-108	KIDM		2009-01-16	Natsuki	08y11m	No
KIDM-120	KIDM		2009-03-27	Natsuki	09y1m	No
GOD-035	GOD		2009-11-13	Natsuki	09y9m	No
GOD-045	GOD		2010-02-19	Natsuki	09y12m	No
GOD-055	GOD		2010-06-18	Natsuki	10y4m	No
GOD-061	GOD		2010-08-06	Natsuki	10y6m	No
GOD-069	GOD		2010-10-01	Natsuki	10y8m	No
GOD-077	GOD		2010-12-03	Natsuki	10y10m	No
KIDM-231	KIDM		2011-03-11	Natsuki	11y1m	No
KIDM-245	KIDM		2011-06-10	Natsuki	11y4m	No
KIDM-307	KIDM		2012-07-27	Natsuki	12y5m	No
KIDM-331	KIDM		2012-12-28	Natsuki	12y10m	No
KIDM-342	KIDM		2013-02-22	Natsuki	12y12m	No
KIDM-352	KIDM		2013-04-12	Natsuki	13y2m	No
KIDM-363	KIDM		2013-06-21	Natsuki	13y4m	No
JSSJ-064	JSSJ		2013-03-22	Natsumi Fujimoto	17y3m	
LINE-029	LINE		2013-05-23	Natsumi Fujimoto	17y5m	
MMR-279	MMR		2013-07-26	Natsumi Fujimoto	17y7m	
SPG-24	SPG		2013-11-30	Natsumi Fujimoto	17y11m	Very Likely
KIDM-419	KIDM		2014-01-17	Natsumi Fujimoto	17y12m	Likely
KIDM-434	KIDM		2014-03-07	Natsumi Fujimoto	18y2m	Unlikely
RITZ-006	RITZ		2014-04-23	Niimi Nanae	13y6m	
RITZ-009	RITZ		2014-06-23	Niimi Nanae	13y8m	
JELLY-004	JELLY		2014-08-23	Niimi Nanae	13y10m	
JELLY-006	JELLY		2014-10-23	Niimi Nanae	13y12m	
MMRAL-004	MMRAL		2014-12-26	Niimi Nanae	14y2m	
RITZB-003	RITZB		2015-01-13	Niimi Nanae	14y3m	
ICDV-30216	ICDV		2015-02-26	Niimi Nanae	14y4m	
ICS-062	ICS		2015-03-06	Niimi Nanae	14y4m	
ICDV-30219	ICDV		2015-04-03	Niimi Nanae	14y5m	
TASKR-030	TASKR		2015-08-20	Niimi Nanae	14y10m	
TASKS-035	TASKS		2015-08-20	Niimi Nanae	14y10m	
TASKR-032	TASKR		2015-11-20	Niimi Nanae	15y1m	
TASKS-041	TASKS		2015-11-20	Niimi Nanae	15y1m	
OUTN-0030	OUTN		2016-01-16	Niimi Nanae	15y3m	
TASKR-036	TASKR		2016-03-20	Niimi Nanae	15y5m	
TASKS-047	TASKS		2016-03-20	Niimi Nanae	15y5m	
OUTN-0038	OUTN		2016-05-16	Niimi Nanae	15y7m	
SBKD-0144	SBKD		2016-08-27	Niimi Nanae	15y10m	
TASKS-059	TASKS		2016-09-20	Niimi Nanae	15y11m	
JSSJ-082	JSSJ		2013-09-20	Okada Hina	14y8m	
MMR-314	MMR		2013-11-22	Okada Hina	14y10m	
JSSJ-094	JSSJ		2014-01-24	Okada Hina	14y12m	
MMR-365	MMR		2014-03-28	Okada Hina	15y2m	
GRAB-0032	GRAB		2015-04-28	Okada Hina	16y3m	
MMR-249	MMR		2013-02-05	Oshima Juna	16y11m	
PIST-037	PIST		2013-06-23	Oshima Juna	17y3m	
JSSJ-080	JSSJ		2013-08-23	Oshima Juna	17y5m	
JSSJ-087	JSSJ		2013-10-18	Oshima Juna	17y7m	
BUQH-040	BUQH		2013-12-25	Oshima Juna	17y9m	
TSDV-41611	TSDV		2014-02-21	Oshima Juna	17y11m	Very Likely
CAND-01022	CAND		2013-07-19	Remon Kimura	17y6m	
CAND-01025	CAND		2013-09-20	Remon Kimura	17y8m	
CAND-01027	CAND		2013-11-22	Remon Kimura	17y10m	
CANDB-1001	CANDB		2014-02-21	Remon Kimura	18y1m	Possibly
CAND-01032	CAND		2014-02-21	Remon Kimura	18y1m	Possibly
KNGK-002	KNGK		2008-04-25	Rena Aiba		
GOD-006	GOD		2009-01-19	Rena Aiba		
GOD-013	GOD		2009-03-06	Rena Aiba		
SOPD-5001	SOPD		2009-04-17	Rena Aiba		
GOD-040	GOD		2009-12-18	Rena Aiba		
LINE-006	LINE		2009-01-10	Rika Hatsumi	17y5m	
OHP-057	OHP		2009-03-20	Rika Hatsumi	17y8m	
OHP-3014	OHP		2009-05-15	Rika Hatsumi	17y9m	
OHP-062	OHP		2009-06-19	Rika Hatsumi	17y11m	Very Likely
JSSJ-002	JSSJ		2009-07-24	Rika Hatsumi	17y12m	Likely
TSDV-11991	TSDV		2005-07-22	Rina Hasegawa	16y3m	
OMD-069	OMD		2006-01-20	Rina Hasegawa	16y9m	
PEACH-008D	PEACH		2006-03-22	Rina Hasegawa	16y11m	
EIGHT-035D	EIGHT		2006-04-22	Rina Hasegawa	16y12m	
EIGHT-045D	EIGHT		2006-08-26	Rina Hasegawa	17y4m	
EIGHT-048D	EIGHT		2006-09-22	Rina Hasegawa	17y5m	
EIGHT-050D	EIGHT		2006-10-28	Rina Hasegawa	17y6m	
EIGHT-056D	EIGHT		2006-12-24	Rina Hasegawa	17y8m	
PEACH-015D	PEACH		2007-02-24	Rina Hasegawa	17y10m	
BEV-7365	BEV		2007-03-26	Rina Hasegawa	17y11m	Very Likely
E-003	E		2015-03-23	Rui Sakurazawa	15y9m	
E-004	E		2015-03-23	Rui Sakurazawa	15y9m	
OLI-001	OLI		2015-04-23	Rui Sakurazawa	15y10m	
E-006	E		2015-05-23	Rui Sakurazawa	15y11m	
OLI-003	OLI		2015-06-23	Rui Sakurazawa	15y12m	
E-009	E		2015-07-23	Rui Sakurazawa	16y1m	
OLI-004	OLI		2015-08-23	Rui Sakurazawa	16y2m	
OLI-005	OLI		2015-12-23	Rui Sakurazawa	16y6m	
OLI-006	OLI		2016-01-23	Rui Sakurazawa	16y7m	
OLI-007	OLI		2016-02-23	Rui Sakurazawa	16y8m	
OLI-008	OLI		2016-03-23	Rui Sakurazawa	16y9m	
OLI-009	OLI		2016-04-23	Rui Sakurazawa	16y10m	
OLI-010	OLI		2016-05-23	Rui Sakurazawa	16y11m	
OLI-011	OLI		2016-05-23	Rui Sakurazawa	16y11m	
OLI-012	OLI		2016-06-23	Rui Sakurazawa	16y12m	
OLI-013	OLI		2016-06-23	Rui Sakurazawa	16y12m	
OLI-014	OLI		2016-07-23	Rui Sakurazawa	17y1m	
OLI-015	OLI		2016-07-23	Rui Sakurazawa	17y1m	
OLI-016	OLI		2016-08-23	Rui Sakurazawa	17y2m	
OLI-017	OLI		2016-08-23	Rui Sakurazawa	17y2m	
OLI-018	OLI		2016-09-23	Rui Sakurazawa	17y3m	
OLI-019	OLI		2016-09-23	Rui Sakurazawa	17y3m	
OLI-020	OLI		2016-10-23	Rui Sakurazawa	17y4m	
OLI-021	OLI		2016-11-23	Rui Sakurazawa	17y5m	
OLI-022	OLI		2016-12-23	Rui Sakurazawa	17y6m	
OLO-005	OLO		2017-01-28	Rui Sakurazawa	17y7m	
EICSB-012	EICSB		2013-01-25	Rumi Ishino	11y12m	
TASKJ-134	TASKJ		2013-03-20	Rumi Ishino	12y2m	
SBKD-0080	SBKD		2013-06-28	Rumi Ishino	12y5m	
PIXY-020	PIXY		2013-08-28	Rumi Ishino	12y7m	
ZEUS-008	ZEUS		2013-10-10	Rumi Ishino	12y8m	
EICCB-033	EICCB		2014-01-25	Rumi Ishino	12y12m	
SBKD-0097	SBKD		2014-04-28	Rumi Ishino	13y3m	
JMKD-0023	JMKD		2014-06-27	Rumi Ishino	13y5m	
TASKJ-154	TASKJ		2014-08-20	Rumi Ishino	13y7m	
EICCB-045	EICCB		2015-01-25	Rumi Ishino	13y12m	
TASKJ-161	TASKJ		2015-02-20	Rumi Ishino	14y1m	
HPF-02	HPF		2015-06-19	Rumi Ishino	14y5m	
HPF-05	HPF		2015-09-04	Rumi Ishino	14y7m	
HPF-07	HPF		2016-01-22	Rumi Ishino	14y12m	
HPF-08	HPF		2016-03-18	Rumi Ishino	15y2m	
ZEUSMB-002	ZEUSMB		2016-05-10	Rumi Ishino	15y3m	
TASKW-002	TASKW		2016-05-20	Rumi Ishino	15y4m	
ZEUSFB-002	ZEUSFB		2016-09-01	Rumi Ishino	15y7m	
JSSJ-116	JSSJ		2014-08-22	Ruri Morino	17y1m	
JSSJ-120	JSSJ		2014-10-17	Ruri Morino	17y3m	
MMR-AA011	MMR		2015-03-27	Ruri Morino	17y9m	
GARO-019	GARO		2007-06/30	Sae Akasaka	14y4m	
VEIS-001	VEIS		2007-08-10	Sae Akasaka	14y5m	
GGGG-004	GGGG		2007-10-07	Sae Akasaka	14y7m	
SHGAD-004	SHGAD		2007-10-27	Sae Akasaka	14y8m	
SCDV-24011	SCDV		2007-11-30	Sae Akasaka	14y9m	
ICDV-30008	ICDV		2008-03-28	Sae Akasaka	15y1m	
DPKS-033	DPKS		2008-05-24	Sae Akasaka	15y3m	
OHP-2018	OHP		2008-07-18	Sae Akasaka	15y4m	
GKSK-033	GKSK		2008-11-07	Sae Akasaka	15y8m	
JSSJ-043	JSSJ		2012-06-22	Sae Kamiya	17y11m	Very Likely
JSSJ-046	JSSJ		2012-08-17	Sae Kamiya	18y1m	Possibly
MMR-202	MMR		2012-10-26	Sae Kamiya	18y3m	No
OHP-027	OHP		2007-08-17	Saku Uena	15y9m	
MOR-016	MOR		2007-12-20	Saku Uena	16y1m	
TASKH-018	TASKH		2008-02-20	Saku Uena	16y3m	
VDOB-0005	VDOB		2008-03-25	Saku Uena	16y5m	
OHP-3008	OHP		2008-04-18	Saku Uena	16y5m	
NOAH-047	NOAH		2008-06-27	Saku Uena	16y8m	
COJD-016	COJD		2008-07-29	Saku Uena	16y9m	
LINE-002	LINE		2008-10-12	Saku Uena	16y11m	
SOPD-9034	SOPD		2007-06-22	Sakura Aida	16y1m	
KU-001	KU		2007-11-16	Sakura Aida	16y5m	
KU-003	KU		2008-01-18	Sakura Aida	16y8m	
DMSM-7451	DMSM		2008-03-25	Sakura Aida	16y10m	
OHP-3008	OHP		2008-04-18	Sakura Aida	16y11m	
KU-007	KU		2008-05-23	Sakura Aida	16y12m	
OHP-3009	OHP		2008-07-18	Sakura Aida	17y1m	
GKSK-028	GKSK		2008-09-04	Sakura Aida	17y3m	
OHP-045	OHP		2008-09-19	Sakura Aida	17y4m	
MOR-033	MOR		2008-11-17	Sakura Aida	17y6m	
MOR-037	MOR		2009-01-17	Sakura Aida	17y8m	
DAND-008	DAND		2009-03-06	Sakura Aida	17y9m	
MOR-041	MOR		2009-03-17	Sakura Aida	17y9m	
WSH-01	WSH		2009-04-17	Sakura Aida	17y10m	
MOR-044	MOR		2009-05-17	Sakura Aida	17y11m	Very Likely
MOR-045	MOR		2009-05-29	Sakura Aida	17y12m	Likely
RITZ-003	RITZ		2014-03-13	Sakura Anna	14y1m	
RITZ-007	RITZ		2014-05-13	Sakura Anna	14y3m	
RITZ-010	RITZ		2014-07-13	Sakura Anna	14y5m	
AILE-035	AILE		2014-10-23	Sakura Anna	14y8m	
AILE-038	AILE		2015-02-13	Sakura Anna	14y12m	
DJKA-016	DJKA		2012-07-01	Sakura Koharu	14y8m	
JSSJ-045	JSSJ		2012-08-17	Sakura Koharu	14y10m	
MMR-203	MMR		2012-10-26	Sakura Koharu	14y12m	
MMR-350	MMR		2014-01-31	Sakura Kudo	17y4m	
JSSJ-100	JSSJ		2014-03-21	Sakura Kudo	17y6m	
MMR-391	MMR		2014-05-30	Sakura Kudo	17y8m	
PIST-050	PIST		2014-07-23	Sakura Kudo	17y10m	
SNYY-007	SNYY		2014-09-28	Sakura Kudo	17y12m	Likely
TASKS-030	TASKS		2015-05-20	Sakura Kudo	18y8m	No
OMGZ-044	OMGZ		2011-09-10	Sakura Tsubaki	17y8m	
MOR-002	MOR		2007-01-24	Sayaka Kamiya	17y8m	
OHP-021	OHP		2007-05-18	Sayaka Kamiya	17y11m	Very Likely
OHP-3003	OHP		2007-07-20	Sayaka Kamiya	18y1m	Possibly
HISF-002	HISF		2009-12-29	Sayaka Mizutani	17y5m	
MMP-006	MMP		2010-05-31	Sayaka Mizutani	17y10m	
JSSJ-019	JSSJ		2010-08-20	Sayaka Mizutani	18y1m	Possibly
CLAR-1002	CLAR		2013-10-18	Seira Kikuchi	15y9m	
CLAR-1010	CLAR		2015-02-06	Seira Kikuchi	16y12m	
JSSJ-059	JSSJ		2013-01-25	Sena Hiiragi	14y12m	
GJJJ-001	GJJJ		2013-04-05	Sena Hiiragi	15y2m	
IMOM-093	IMOM		2009-10-25	Sugaya Miho	15y1m	
JSSJ-013	JSSJ		2009-12-25	Sugaya Miho	15y3m	
OHP-2023	OHP		2010-02-19	Sugaya Miho	15y5m	
OHP-065	OHP		2010-05-21	Sugaya Miho	15y8m	
JMDV-156	JMDV		2010-06-18	Sugaya Miho	15y9m	
CUM-001	CUM		2010-08-27	Sugaya Miho	15y11m	
IFJ-006	IFJ		2010-08-27	Sugaya Miho	15y11m	
JMDV-162	JMDV		2010-10-29	Sugaya Miho	16y1m	
CUM-005	CUM		2011-02-26	Sugaya Miho	16y5m	
OHP-068	OHP		2011-05-27	Sugaya Miho	16y8m	
SBVD-0123	SBVD		2011-08-26	Sugaya Miho	16y11m	
SOPD-6017	SOPD		2012-05-18	Sugaya Miho	17y8m	
SOPD-016	SOPD		2004-12-17	Suzuki Emika	14y4m	
SOPD-3802	SOPD		2005-05-20	Suzuki Emika	14y9m	
SOPD-3805	SOPD		2005-09-16	Suzuki Emika	15y1m	
NOA-020	NOA		2005-09-22	Suzuki Emika	15y1m	
GAPR-002	GAPR		2005-12-09	Suzuki Emika	15y3m	
CLR-4030	CLR		2006-03-17	Suzuki Emika	15y7m	
CCWK-007	CCWK		2006-06-21	Suzuki Emika	15y10m	
ILD-002	ILD		2006-09-29	Suzuki Emika	16y1m	
SOPD-9020	SOPD		2006-10-20	Suzuki Emika	16y2m	
GGGG-004	GGGG		2007-10-07	Yua Ryouke	15y1m	
TASKJ-024	TASKJ		2007-10-20	Yua Ryouke	15y2m	
GGGG-005	GGGG		2007-11-07	Yua Ryouke	15y2m	
SHGAD-008	SHGAD		2007-12-18	Yua Ryouke	15y4m	
MSR-05	MSR		2008-02-22	Yua Ryouke	15y6m	
SHGAR-001	SHGAR		2008-03-26	Yua Ryouke	15y7m	
BKNI-002	BKNI		2008-03-28	Yua Ryouke	15y7m	
BKNI-006	BKNI		2008-04-28	Yua Ryouke	15y8m	
Gmook-005	Gmook		2008-07-25	Yua Ryouke	15y11m	
COJD-014	COJD		2008-07-29	Yua Ryouke	15y11m	
JSSJ-069	JSSJ		2013-05-24	Yui Ando	16y6m	
MMR-271	MMR		2013-05-24	Yui Ando	16y6m	
FEIR-0084	FEIR		2013-09-20	Yui Ando	16y10m	
SCDV-24006	SCDV		2007-07-13	Yui Arioka	14y6m	
OHP-3005	OHP		2007-09-28	Yui Arioka	14y9m	
SCDV-24009	SCDV		2007-10-12	Yui Arioka	14y9m	
KIDM-047	KIDM		2008-02-29	Yui Arioka	15y2m	
PEACH-024D	PEACH		2008-03-20	Yui Arioka	15y3m	
MOR-023	MOR		2008-05-16	Yui Arioka	15y5m	
EIGHT-104D	EIGHT		2008-06-22	Yui Arioka	15y6m	
CMG-009	CMG		2008-08-11	Yui Arioka	15y7m	
CMG-014	CMG		2008-11-10	Yui Arioka	15y10m	
CMG-023	CMG		2009-03-10	Yui Arioka	16y2m	
CMP-001	CMP		2009-08-10	Yui Arioka	16y7m	
CMP-009	CMP		2009-10-10	Yui Arioka	16y9m	
EIGHT-027D	EIGHT		2007-06-24	Yukari Fujima	15y10m	
KIDM-022	KIDM		2007-07-06	Yukari Fujima	15y10m	
PEACH-018D	PEACH		2007-07-28	Yukari Fujima	15y11m	
AHG-0012	AHG		2007-08-24	Yukari Fujima	15y12m	
BBOB-0002	BBOB		2007-09-25	Yukari Fujima	16y1m	
GS-008	GS		2007-09-27	Yukari Fujima	16y1m	
TWFK-002	TWFK		2007-10-10	Yukari Fujima	16y2m	
OHP-3006	OHP		2007-10-19	Yukari Fujima	16y2m	
KBOOT-16	KBOOT		2007-10-24	Yukari Fujima	16y2m	
PAND-004	PAND		2007-10-27	Yukari Fujima	16y2m	
NOAH-037	NOAH		2007-11-23	Yukari Fujima	16y3m	
DMSM-7353	DMSM		2007-11-25	Yukari Fujima	16y3m	
FUJI-002	FUJI		2008-01-25	Yukari Fujima	16y5m	
KIDM-053	KIDM		2008-03-28	Yukari Fujima	16y7m	
KIDM-065	KIDM		2008-06-13	Yukari Fujima	16y10m	
PEACH-028d	PEACH		2008-07-26	Yukari Fujima	16y11m	
FPO-0004	FPO		2008-08-29	Yukari Fujima	16y12m	
VDOB-0019	VDOB		2008-09-25	Yukari Fujima	17y1m	
CHNS-013	CHNS		2008-10-09	Yukari Fujima	17y2m	
BBOB-1000	BBOB		2008-11-27	Yukari Fujima	17y3m	
KIDM-101	KIDM		2008-11-28	Yukari Fujima	17y3m	
HIEN-0024	HIEN		2008-12-16	Yukari Fujima	17y4m	
MOR-9009	MOR		2008-12-16	Yukari Fujima	17y4m	
BTBY-0010	BTBY		2009-01-29	Yukari Fujima	17y5m	
RLD-1	RLD		2009-02-21	Yukari Fujima	17y6m	
BBOB-1001	BBOB		2009-02-25	Yukari Fujima	17y6m	
MFT-1006	MFT		2009-06-12	Yukari Fujima	17y10m	
FHSM-001	FHSM		2009-06-16	Yukari Fujima	17y10m	
KIDM-087	KIDM		2009-09-26	Yukari Fujima	18y1m	Possibly
OHP-2005	OHP		2007-03-16	Yukari Nakai	14y7m	
SCDV-24004	SCDV		2007-06-15	Yukari Nakai	14y10m	
CPSKY-037	CPSKY		2007-09-21	Yukari Nakai	15y1m	
OHP-3005	OHP		2007-09-28	Yukari Nakai	15y1m	
SCDV-24014	SCDV		2007-12-07	Yukari Nakai	15y4m	
KU-003	KU		2008-01-18	Yukari Nakai	15y5m	
ICDV-30006	ICDV		2008-03-07	Yukari Nakai	15y7m	
OHP-040	OHP		2008-06-20	Yukari Nakai	15y10m	
KU-009	KU		2008-07-25	Yukari Nakai	15y11m	
OHP-3010	OHP		2008-08-15	Yukari Nakai	15y12m	
KU-011	KU		2008-09-26	Yukari Nakai	16y1m	
SOPD-9047	SOPD		2008-12-19	Yukari Nakai	16y4m	
KU-016	KU		2009-02-27	Yukari Nakai	16y6m	
SOPD-6011	SOPD		2009-03-20	Yukari Nakai	16y7m	
KU-019	KU		2009-03-27	Yukari Nakai	16y7m	
KU-023	KU		2009-05-22	Yukari Nakai	16y9m	
SOPD-9050	SOPD		2009-06-19	Yukari Nakai	16y10m	
OHP-3015	OHP		2009-08-21	Yukari Nakai	16y12m	
KU-030	KU		2009-09-25	Yukari Nakai	17y1m	
SOPD-9056	SOPD		2009-11-20	Yukari Nakai	17y3m	
SOPD-8012	SOPD		2009-12-18	Yukari Nakai	17y4m	
KU-048	KU		2010-04-30	Yukari Nakai	17y8m	
OHP-066	OHP		2010-06-18	Yukari Nakai	17y10m	
JMDV-117	JMDV		2006-07-27	Yuki Fujisaki	16y7m	
KBOOT-04	KBOOT		2006-08-26	Yuki Fujisaki	16y8m	
MWKD-5004	MWKD		2006-09-27	Yuki Fujisaki	16y9m	
SCDV-24001	SCDV		2006-11-02	Yuki Fujisaki	16y10m	
SOPD-8009	SOPD		2006-12-22	Yuki Fujisaki	16y12m	
ILD-012	ILD		2006-12-22	Yuki Fujisaki	16y12m	
PEACH-014D	PEACH		2006-12-24	Yuki Fujisaki	16y12m	
EIGHT-060D	EIGHT		2007-01-28	Yuki Fujisaki	17y1m	
LOVEDOL-001	LOVEDOL		2007-02-21	Yuki Fujisaki	17y2m	
PEACH-015D	PEACH		2007-02-24	Yuki Fujisaki	17y2m	
EIGHT-064D	EIGHT		2007-03-18	Yuki Fujisaki	17y3m	
OHP-3001	OHP		2007-05-18	Yuki Fujisaki	17y5m	
DMSM-7237	DMSM		2007-07-25	Yuki Fujisaki	17y7m	
PEACH-018D	PEACH		2007-07-28	Yuki Fujisaki	17y7m	
DGL-003	DGL		2007-09-27	Yuki Fujisaki	17y9m	
MOR-014	MOR		2007-10-15	Yuki Fujisaki	17y10m	
TBX-011	TBX		2008-06-27	Yuki Fujisaki	18y6m	No
FBRE-003	FBRE		2013-02-21	Yume Ayanami	17y7m	
WANG-001	WANG		2013-07-23	Yume Ayanami	17y12m	Likely
OHP-047	OHP		2008-10-17	Yumi Hamada	17y2m	
GKSK-037	GKSK		2009-01-01	Yumi Hamada	17y5m	
LINE-007	LINE		2009-02-14	Yumi Hamada	17y6m	
RM-003	RM		2009-03-01	Yumi Hamada	17y7m	
SOPD-7001	SOPD		2009-04-17	Yumi Hamada	17y8m	
RM-006	RM		2009-06-26	Yumi Hamada	17y10m	
RM-008	RM		2009-07-24	Yumi Hamada	17y11m	Very Likely
JCOB-0001	JCOB		2007-06-05	Yuri Fujise	14y4m	
BBOB-0001	BBOB		2007-07-25	Yuri Fujise	14y5m	
EIGHT-073D	EIGHT		2007-07-28	Yuri Fujise	14y5m	
PEACH-018D	PEACH		2007-07-28	Yuri Fujise	14y5m	
AHG-0011	AHG		2007-08-24	Yuri Fujise	14y6m	
EIGHT-081D	EIGHT		2007-09-22	Yuri Fujise	14y7m	
PAND-003	PAND		2007-09-27	Yuri Fujise	14y7m	
KBOOT-17	KBOOT		2007-11-21	Yuri Fujise	14y9m	
BBOB-0003	BBOB		2007-11-25	Yuri Fujise	14y9m	
BBOB-0004	BBOB		2007-12-25	Yuri Fujise	14y10m	
MTF-1001	MTF		2008-03-07	Yuri Fujise	15y1m	
VDOD-0008	VDOD		2008-04-25	Yuri Fujise	15y2m	
VDOB-0019	VDOB		2008-09-25	Yuri Fujise	15y7m	
OHP-056	OHP		2009-02-20	Yuri Hamada	17y8m	
LINE-009	LINE		2009-04-11	Yuri Hamada	17y10m	
OHP-3014	OHP		2009-05-15	Yuri Hamada	17y11m	Very Likely
OHP-061	OHP		2009-06-19	Yuri Hamada	17y12m	Likely
JMDV-151	JMDV		2009-06-19	Yuri Hamada	17y12m	Likely
JSSJ-003	JSSJ		2009-07-24	Yuri Hamada	18y1m	Possibly
JSSJ-007	JSSJ		2009-09-25	Yuri Hamada	18y3m	No
MMR-200	MMR		2012-09-28	Yuu Hashimoto	17y6m	
MMR-209	MMR		2012-11-23	Yuu Hashimoto	17y8m	
JSSJ-057	JSSJ		2013-01-25	Yuu Hashimoto	17y10m	
DVDLGM-43	DVDLGM		2007-02-14	Yuu Komai	16y4m	
DVDLGM-47	DVDLGM		2007-04-20	Yuu Komai	16y7m	
AQUA2			2007-07-07	Yuu Komai	16y9m	
OHP-3003	OHP		2007-07-20	Yuu Komai	16y10m	
DVDLGM-51	DVDLGM		2007-09-23	Yuu Komai	16y12m	
DVDLGM-54	DVDLGM		2008-04-26	Yuu Komai	17y7m	
MSR-11	MSR		2008-05-23	Yuu Komai	17y8m	
COJD-013	COJD		2008-06-27	Yuu Komai	17y9m	
JSSJ-020	JSSJ		2010-08-20	Yuuki Minami	17y2m	
JSSJ-024	JSSJ		2010-11-19	Yuuki Minami	17y5m	
LINE-015	LINE		2011-01-31	Yuuki Minami	17y7m	
OMGZ-030	OMGZ		2011-03-12	Yuuki Minami	17y8m	
PIST-002	PIST		2011-05-23	Yuuki Minami	17y11m	Very Likely
LINE-016	LINE		2011-09-27	Yuuki Minami	18y3m	No
SKIP-049	SKIP		2008/10/25	Erika Aoba	06y4m	
JSSJ-030	JSSJ		2011-10-21	Mayu Suzuki	17y 6m	
PIST-015	PIST		2011-12-23	Mayu Suzuki	17y 8m	
JSSJ-097	JSSJ		2014-02-28	Aina Osawa	16y 11m	
JKSS-003	JKSS		2014-04-23	Aina Osawa	16y 12m	
JSSJ-105	JSSJ		2014-05-23	Aida Yuzuna	17y 11m	Very Likely
MMR-229	MMR		2012-12-14	Kojima Aoi	17y 3m	
MMR-AK024	MMR		2015-09-25	Noriko Nishiyama	15y 2m	
MMR-AK028	MMR		2015-11-27	Noriko Nishiyama	15y 5m	
MMR-AK036	MMR		2016-01-29	Noriko Nishiyama	15y 7m	
MMR-AK042	MMR		2016-03-25	Noriko Nishiyama	15y 8m	
MMR-AK052	MMR		2016-06-24	Noriko Nishiyama	15y 11m	
MMR-AK061	MMR		2016-09-23	Noriko Nishiyama	16y 2m	
MMR-AK063	MMR		2016-10-28	Noriko Nishiyama	16y 4m	
MMR-AK008	MMR		2015-03-27	Sasaki Mako	15y 2m	
MMR-AK014	MMR		2015-04-24	Sasaki Mako	15y 3m	
TSBS-81020	TSBS		2015-06-19	Sasaki Mako	15y 5m	
TSDS-42076	TSDS		2015-06-19	Sasaki Mako	15y 5m	
SBKD-0127	SBKD		2015-08-28	Sasaki Mako	15y 7m	
MMR-AK025	MMR		2015-10-30	Sasaki Mako	15y 9m	
MMR-AK028	MMR		2015-11-27	Sasaki Mako	15y 10m	
MMR-AK035	MMR		2016-01-29	Sasaki Mako	15y 12m	
MMR-AK042	MMR		2016-03-25	Sasaki Mako	16y 2m	
MMR-AK044	MMR		2016-04-29	Sasaki Mako	16y 3m	
MMR-AK049	MMR		2016-06-24	Sasaki Mako	16y 5m	
MMR-AK053	MMR		2016-07-29	Sasaki Mako	16y 6m	
MMR-AK057	MMR		2016-08-26	Sasaki Mako	16y 7m	
MMR-AK063	MMR		2016-10-28	Sasaki Mako	16y 9m	
MMR-AK066	MMR		2016-11-25	Sasaki Mako	16y 10m	
ICDV-30090	ICDV		2012-08-01	Sora Mizuno		
ICDV-30104	ICDV		2012-10-12	Sora Mizuno		
ICDV-30109	ICDV		2012-12-01	Sora Mizuno		
ICDV-30118	ICDV		2013-02-01	Sora Mizuno		
ICDV-30127	ICDV		2013-04-12	Sora Mizuno		
ICDV-30134	ICDV		2013-06-01	Sora Mizuno		
SBKD-0083	SBKD		2013-07-26	Sora Mizuno		
ICDV-30141	ICDV		2013-08-23	Sora Mizuno		
SBKD-0086	SBKD		2013-09-27	Sora Mizuno		
ICDV-30147	ICDV		2013-10-18	Sora Mizuno		
SBKB-0009	SBKB		2013-11-28	Sora Mizuno		
ICDV-30159	ICDV		2013-12-20	Sora Mizuno		
ICDV-30169	ICDV		2014-02-01	Sora Mizuno		
ICDV-30183	ICDV		2014-04-04	Sora Mizuno		
ICDV-30194	ICDV		2014-06-01	Sora Mizuno		
ICDV-30202	ICDV		2014-08-01	Sora Mizuno		
SBKD-0122	SBKD		2015-06-27	Sora Mizuno		
JMKD-0039	JMKD		2015-09-29	Sora Mizuno		
SBKB-0122	SBKB		2015-06-27	Sora Mizuno		
MMR-AK051	MMR		2016-06-24	Mirai Akiyoshi	16y 1m	
MMR-AK053	MMR		2016-07-29	Mirai Akiyoshi	16y 3m	
MMR-AK055	MMR		2016-09-23	Mirai Akiyoshi	16y 4m	
MMR-AK062	MMR		2016-10-28	Mirai Akiyoshi	16y 6m	
HTC-010	HTC		2014-06-20	Reina Kawai	13y 10m	
HTC-011	HTC		2014-07-18	Reina Kawai	13y 11m	
HTC-012	HTC		2014-09-19	Reina Kawai	14y 1m	
MMR-AK007	MMR		2015-02-27	Reina Kawai	14y 7m	
MMR-AK014	MMR		2015-04-24	Reina Kawai	14y 9m	
TSDS-42069	TSDS		2015-05-22	Reina Kawai	14y 10m	
MMR-AK019	MMR		2015-07-31	Reina Kawai	14y 12m	
MMR-AK023	MMR		2015-09-25	Reina Kawai	15y 2m	
SBKD-0140	SBKD		2016-05-28	Reina Kawai	15y 10m	
MMR-AK056	MMR		2016-08-26	Reina Kawai	16y 1m	
JSSJ-042	JSSJ		2012-06-29	Arai Hiina	12y 4m	
LINE-023	LINE		2012-10-23	Arai Hiina	12y 8m	
MMR-193	MMR		2013-01-25	Arai Hiina	12y 11m	
MMR-247	MMR		2013-03-29	Arai Hiina	13y 1m	
SWPI-004	SWPI		2013-05-23	Arai Hiina	13y 3m	
HTC-008	HTC		2013-07-19	Arai Hiina	13y 5m	
JSSJ-077	JSSJ		2013-07-19	Arai Hiina	13y 5m	
HTC-009	HTC		2013-08-24	Arai Hiina	13y 6m	
MMR-297	MMR		2013-09-27	Arai Hiina	13y 7m	
SBKD-0089	SBKD		2013-11-28	Arai Hiina	13y 9m	
EICCB-034	EICCB		2014-01-25	Arai Hiina	13y 11m	
JSSJ-115	JSSJ		2014-08-22	Koharu Sasaki	17y 10m	
MMR-AA001	MMR		2014-10-31	Koharu Sasaki	17y 12m	Likely
BKDV-00185	BKDV		2006-06-23	Yui Koike	15y 1m	
BKDV-00206	BKDV		2006-09-29	Yui Koike	15y 4m	
LPFD-157	LPFD		2008-12-19	Yui Koike	17y 7m	
SKB-2	SKB		2005-08-19	Sakurako Ogawa	13y 10m	
BETTY-1015	BETTY		2005-11-18	Sakurako Ogawa	14y 1m	
Noah-13	Noah		2006-04-21	Sakurako Ogawa	14y 6m	
SCDV-15003	SCDV		2006-04-28	Sakurako Ogawa	14y 7m	
KODV-0017	KODV		2006-07-28	Sakurako Ogawa	14y 10m	
SOPD-3822	SOPD		2006-11-17	Sakurako Ogawa	15y 1m	
CPDS-002	CPDS		2006-11-17	Sakurako Ogawa	15y 1m	
CPDS-004	CPDS		2006-12-08	Sakurako Ogawa	15y 2m	
OHP-2004	OHP		2007-03-16	Sakurako Ogawa	15y 5m	
KNGA-001	KNGA		2008-03-25	Anmi Akanishi	14y 3m	
OHP-2015	OHP		2008-04-18	Anmi Akanishi	14y 4m	
KIDM-074	KIDM		2008-07-25	Anmi Akanishi	14y 7m	
KIDM-086	KIDM		2008-09-26	Anmi Akanishi	14y 9m	
GKSK-034	GKSK		2008-11-07	Anmi Akanishi	14y 10m	
KIDM-107	KIDM		2008-12-26	Anmi Akanishi	14y 12m	
OHP-2019	OHP		2009-01-16	Akane Kaneko	14y 12m	
CPSKY-072	CPSKY		2009-03-06	Akane Kaneko	15y 2m	
CPSKY-073	CPSKY		2009-03-06	Akane Kaneko	15y 2m	
ICDV-30025	ICDV		2009-09-04	Mei Aikawa	14y 7m	
OHP-2022	OHP		2009-12-18	Mei Aikawa	14y 10m	
PEAC-002	PEAC		2013-01-23	Arisa Mizuhara	17y 11m	Very Likely
PIST-014	PIST		2011-11-23	Airi Aragaki	18y 1m	Possibly
POP-001	POP		2013-10-23	Amane Watanabe	17y 5m	
SNNY-006	SNNY		2013-12-23	Amane Watanabe	17y 7m	
SNNY-001	SNNY		2013-02-23	Koyama Mitsuki	17y 5m	
SNSY-002	SNSY		2013-05-31	Koyama Mitsuki	17y 8m	
SSE-9002	SSE		2013-11-29	Miina Aoki	15y 10m	
SSE-9005	SSE		2014-02-28	Miina Aoki	16y 1m	
TYCTV-0002	TYCTV		2014-07-25	Miina Aoki	16y 6m	
INGO-007	INGO		2005-08-26	Asuka Izumi	12y 10m	
INGO-008	INGO		2005-08-26	Asuka Izumi	12y 10m	
INGO-009	INGO		2005-09-22	Asuka Izumi	12y 11m	
INGO-010	INGO		2005-09-22	Asuka Izumi	12y 11m	
ACTD-029	ACTD		2005-10-28	Asuka Izumi	12y 12m	
ASP-008	ASP		2006-02-11	Asuka Izumi	13y 3m	
SCDV-10145	SCDV		2006-05-19	Asuka Izumi	13y 6m	
IMOG-018	IMOG		2006-07-30	Asuka Izumi	13y 9m	
IMOS-012	IMOS		2006-08-31	Asuka Izumi	13y 10m	
SCDV-10152	SCDV		2006-09-15	Asuka Izumi	13y 10m	
SOPD-3822	SOPD		2006-11-17	Asuka Izumi	13y 12m	
SCDV-22004	SCDV		2006-12-15	Asuka Izumi	14y 1m	
SCDV-22008	SCDV		2007-04-20	Asuka Izumi	14y 5m	
SCDV-22010	SCDV		2007-08-10	Asuka Izumi	14y 9m	
SCDV-22014	SCDV		2007-12-14	Asuka Izumi	15y 1m	
ICDV-30007	ICDV		2008-03-14	Asuka Izumi	15y 4m	
LOVEDOL-008	LOVEDOL		2008-09-30	Asuka Izumi	15y 11m	
SOPD-9048	SOPD		2009-01-16	Asuka Izumi	16y 2m	
KU-016	KU		2009-02-27	Asuka Izumi	16y 4m	
KU-022	KU		2009-04-24	Asuka Izumi	16y 6m	
KU-023	KU		2009-05-22	Asuka Izumi	16y 7m	
SOPD-9051	SOPD		2009-07-17	Asuka Izumi	16y 8m	
KU-033	KU		2009-10-30	Asuka Izumi	16y 12m	
SOPD-8012	SOPD		2009-12-18	Asuka Izumi	17y 1m	
SOPD-9059	SOPD		2010-01-22	Asuka Izumi	17y 3m	
SOPD-9062	SOPD		2010-04-16	Asuka Izumi	17y 5m	
SOPD-9064	SOPD		2011-02-18	Asuka Izumi	18y 3m	No
